{
    "accuracy": 0.8972882260955796,
    "precision": 0.6416635255685388,
    "recall": 0.6683680146577673,
    "f1": 0.6547435897435897
}