{
    "accuracy": 0.9341408794788274,
    "precision": 0.6567323044172432,
    "recall": 0.8500574052812859,
    "f1": 0.7409927942353883
}