{
    "accuracy": 0.9241030541950385,
    "precision": 0.6869860760881482,
    "recall": 0.8675065762148692,
    "f1": 0.766764561918747
}