{
    "accuracy": 0.9305555555555556,
    "precision": 0.6425339366515838,
    "recall": 0.870177031320926,
    "f1": 0.7392268389087053
}